STATION,STATION_NAME,DATE,PRCP,SNWD,SNOW,TAVG,TMAX,TMIN,AWND,WDF2,WSF2
GHCND:USW00014740,HARTFORD BRADLEY INTERNATIONAL AIRPORT CT US,20160101,0,-9999,0,37,39,28,6.7,250,15
GHCND:USW00014740,HARTFORD BRADLEY INTERNATIONAL AIRPORT CT US,20160102,0,-9999,0,33,40,26,8.1,280,19.9
GHCND:USW00014740,HARTFORD BRADLEY INTERNATIONAL AIRPORT CT US,20160103,0,-9999,0,35,43,28,7.8,260,17
GHCND:USW00014740,HARTFORD BRADLEY INTERNATIONAL AIRPORT CT US,20160104,0,-9999,0,28,34,9,14.3,360,25.1
GHCND:USW00014740,HARTFORD BRADLEY INTERNATIONAL AIRPORT CT US,20160105,0,-9999,0,14,27,5,6.5,360,23
GHCND:USW00014740,HARTFORD BRADLEY INTERNATIONAL AIRPORT CT US,20160106,0,-9999,0,21,43,6,4.3,190,14.1
GHCND:USW00014740,HARTFORD BRADLEY INTERNATIONAL AIRPORT CT US,20160107,0,-9999,0,26,40,12,2,20,8.1
GHCND:USW00014740,HARTFORD BRADLEY INTERNATIONAL AIRPORT CT US,20160108,0,-9999,0,28,42,18,6.9,10,14.1
GHCND:USW00014740,HARTFORD BRADLEY INTERNATIONAL AIRPORT CT US,20160109,0,-9999,0,39,46,35,5.1,10,10.1
GHCND:USW00014740,HARTFORD BRADLEY INTERNATIONAL AIRPORT CT US,20160110,1.46,-9999,0,45,59,38,9.8,220,29.1
GHCND:USW00014740,HARTFORD BRADLEY INTERNATIONAL AIRPORT CT US,20160111,0,-9999,0,37,42,18,10.7,250,25.1
GHCND:USW00014740,HARTFORD BRADLEY INTERNATIONAL AIRPORT CT US,20160112,0.05,-9999,0.3,25,37,16,5.6,180,17
GHCND:USW00014740,HARTFORD BRADLEY INTERNATIONAL AIRPORT CT US,20160113,0,-9999,0,26,30,15,14.5,300,36
GHCND:USW00014740,HARTFORD BRADLEY INTERNATIONAL AIRPORT CT US,20160114,0,-9999,0,23,33,16,6.7,260,16.1
GHCND:USW00014740,HARTFORD BRADLEY INTERNATIONAL AIRPORT CT US,20160115,0,-9999,0,32,42,23,4,10,12.1
GHCND:USW00014740,HARTFORD BRADLEY INTERNATIONAL AIRPORT CT US,20160116,0.35,-9999,0,37,42,34,6.9,10,15
GHCND:USW00014740,HARTFORD BRADLEY INTERNATIONAL AIRPORT CT US,20160117,0,-9999,0,35,38,29,7.4,320,17
GHCND:USW00014740,HARTFORD BRADLEY INTERNATIONAL AIRPORT CT US,20160118,0,-9999,0.1,26,29,19,16.1,290,33.1
GHCND:USW00014740,HARTFORD BRADLEY INTERNATIONAL AIRPORT CT US,20160119,0,-9999,0,21,27,17,19,310,35.1
GHCND:USW00014740,HARTFORD BRADLEY INTERNATIONAL AIRPORT CT US,20160120,0,-9999,0,26,35,19,10.5,320,25.1
GHCND:USW00014740,HARTFORD BRADLEY INTERNATIONAL AIRPORT CT US,20160121,0,-9999,0,26,35,19,10.7,300,21.9
GHCND:USW00014740,HARTFORD BRADLEY INTERNATIONAL AIRPORT CT US,20160122,0,-9999,0,23,31,13,9.8,10,19.9
GHCND:USW00014740,HARTFORD BRADLEY INTERNATIONAL AIRPORT CT US,20160123,0.1,1.2,1.5,25,28,22,18.1,30,31.1
GHCND:USW00014740,HARTFORD BRADLEY INTERNATIONAL AIRPORT CT US,20160124,0,1.2,0,26,38,17,9.8,360,23.9
GHCND:USW00014740,HARTFORD BRADLEY INTERNATIONAL AIRPORT CT US,20160125,0,1.2,0,29,38,20,5.1,180,12.1
GHCND:USW00014740,HARTFORD BRADLEY INTERNATIONAL AIRPORT CT US,20160126,0,1.2,0,34,47,22,8.1,200,19.9
GHCND:USW00014740,HARTFORD BRADLEY INTERNATIONAL AIRPORT CT US,20160127,0,-9999,0,41,47,26,9.8,310,23.9
GHCND:USW00014740,HARTFORD BRADLEY INTERNATIONAL AIRPORT CT US,20160128,0,-9999,0,31,44,17,6.5,190,21
GHCND:USW00014740,HARTFORD BRADLEY INTERNATIONAL AIRPORT CT US,20160129,0,-9999,0,34,44,27,7.8,310,23.9
GHCND:USW00014740,HARTFORD BRADLEY INTERNATIONAL AIRPORT CT US,20160130,0,-9999,0,31,42,23,8.9,170,19.9
GHCND:USW00014740,HARTFORD BRADLEY INTERNATIONAL AIRPORT CT US,20160131,0,-9999,0,41,58,34,9.6,190,15
GHCND:USW00014740,HARTFORD BRADLEY INTERNATIONAL AIRPORT CT US,20160201,0,-9999,0,45,61,34,9.6,310,21.9
GHCND:USW00014740,HARTFORD BRADLEY INTERNATIONAL AIRPORT CT US,20160202,0,-9999,0,40,50,28,3.6,310,14.1
GHCND:USW00014740,HARTFORD BRADLEY INTERNATIONAL AIRPORT CT US,20160203,0.76,-9999,0,38,57,28,8.5,160,38
GHCND:USW00014740,HARTFORD BRADLEY INTERNATIONAL AIRPORT CT US,20160204,0,-9999,0,52,56,42,8.9,310,21
GHCND:USW00014740,HARTFORD BRADLEY INTERNATIONAL AIRPORT CT US,20160205,0.47,5.9,6.6,36,42,25,9.6,10,23.9
GHCND:USW00014740,HARTFORD BRADLEY INTERNATIONAL AIRPORT CT US,20160206,0,5.9,0,27,37,14,7.2,160,19.9
GHCND:USW00014740,HARTFORD BRADLEY INTERNATIONAL AIRPORT CT US,20160207,0,5.1,0,31,46,16,3.6,150,10.1
GHCND:USW00014740,HARTFORD BRADLEY INTERNATIONAL AIRPORT CT US,20160208,0.26,7.1,3.5,28,36,21,13.6,30,25.9
GHCND:USW00014740,HARTFORD BRADLEY INTERNATIONAL AIRPORT CT US,20160209,0.01,7.9,0.1,23,31,17,4.3,30,13
GHCND:USW00014740,HARTFORD BRADLEY INTERNATIONAL AIRPORT CT US,20160210,0.15,7.9,2.3,27,35,20,4.9,300,15
GHCND:USW00014740,HARTFORD BRADLEY INTERNATIONAL AIRPORT CT US,20160211,0,7.9,0,24,27,10,15,300,29.1
GHCND:USW00014740,HARTFORD BRADLEY INTERNATIONAL AIRPORT CT US,20160212,0,7.1,0,14,23,1,8.1,310,21.9
GHCND:USW00014740,HARTFORD BRADLEY INTERNATIONAL AIRPORT CT US,20160213,0,7.1,0,15,19,-6,12.8,310,31.1
GHCND:USW00014740,HARTFORD BRADLEY INTERNATIONAL AIRPORT CT US,20160214,0,7.1,0,-2,10,-12,7.6,290,25.9
GHCND:USW00014740,HARTFORD BRADLEY INTERNATIONAL AIRPORT CT US,20160215,0.26,7.1,1.1,2,22,-12,4.7,360,14.1
GHCND:USW00014740,HARTFORD BRADLEY INTERNATIONAL AIRPORT CT US,20160216,0.79,3.1,0.1,29,53,22,10.1,160,36
GHCND:USW00014740,HARTFORD BRADLEY INTERNATIONAL AIRPORT CT US,20160217,0,1.2,0,38,39,30,10.3,310,17
GHCND:USW00014740,HARTFORD BRADLEY INTERNATIONAL AIRPORT CT US,20160218,0,1.2,0,30,34,20,10.5,320,19.9
GHCND:USW00014740,HARTFORD BRADLEY INTERNATIONAL AIRPORT CT US,20160219,0,1.2,0,25,39,13,6.7,190,18.1
GHCND:USW00014740,HARTFORD BRADLEY INTERNATIONAL AIRPORT CT US,20160220,0.01,-9999,0,44,61,34,11.6,230,25.1
GHCND:USW00014740,HARTFORD BRADLEY INTERNATIONAL AIRPORT CT US,20160221,0,-9999,0,47,56,33,7.8,310,21
GHCND:USW00014740,HARTFORD BRADLEY INTERNATIONAL AIRPORT CT US,20160222,0,-9999,0,40,47,28,7.6,310,18.1
GHCND:USW00014740,HARTFORD BRADLEY INTERNATIONAL AIRPORT CT US,20160223,0.13,-9999,0.5,32,40,25,9.2,100,14.1
GHCND:USW00014740,HARTFORD BRADLEY INTERNATIONAL AIRPORT CT US,20160224,1.41,-9999,0,34,63,32,11,170,36
GHCND:USW00014740,HARTFORD BRADLEY INTERNATIONAL AIRPORT CT US,20160225,0.6,-9999,0,52,63,37,16.3,170,38.9
GHCND:USW00014740,HARTFORD BRADLEY INTERNATIONAL AIRPORT CT US,20160226,0,-9999,0,34,37,23,17.2,290,30
GHCND:USW00014740,HARTFORD BRADLEY INTERNATIONAL AIRPORT CT US,20160227,0,-9999,0,28,40,20,9.6,190,18.1
GHCND:USW00014740,HARTFORD BRADLEY INTERNATIONAL AIRPORT CT US,20160228,0,-9999,0,42,58,34,11.2,170,21.9
GHCND:USW00014740,HARTFORD BRADLEY INTERNATIONAL AIRPORT CT US,20160229,0.02,-9999,0,46,56,37,10.5,250,25.9
GHCND:USW00014740,HARTFORD BRADLEY INTERNATIONAL AIRPORT CT US,20160301,0.11,-9999,0,39,47,27,8.1,310,25.9
GHCND:USW00014740,HARTFORD BRADLEY INTERNATIONAL AIRPORT CT US,20160302,0.43,-9999,0,38,51,22,14.3,320,32
GHCND:USW00014740,HARTFORD BRADLEY INTERNATIONAL AIRPORT CT US,20160303,0,-9999,0,26,34,19,7.8,320,21.9
GHCND:USW00014740,HARTFORD BRADLEY INTERNATIONAL AIRPORT CT US,20160304,0,-9999,0.2,28,37,23,10.5,20,21
GHCND:USW00014740,HARTFORD BRADLEY INTERNATIONAL AIRPORT CT US,20160305,0,-9999,0,31,38,21,6.5,30,19.9
GHCND:USW00014740,HARTFORD BRADLEY INTERNATIONAL AIRPORT CT US,20160306,0,-9999,0,33,44,25,4.5,330,10.1
GHCND:USW00014740,HARTFORD BRADLEY INTERNATIONAL AIRPORT CT US,20160307,0,-9999,0,38,56,24,7.6,200,25.1
GHCND:USW00014740,HARTFORD BRADLEY INTERNATIONAL AIRPORT CT US,20160308,0,-9999,0,49,65,36,5.8,200,15
GHCND:USW00014740,HARTFORD BRADLEY INTERNATIONAL AIRPORT CT US,20160309,0,-9999,0,56,81,40,10.1,200,21
GHCND:USW00014740,HARTFORD BRADLEY INTERNATIONAL AIRPORT CT US,20160310,0.02,-9999,0,63,72,55,6.9,20,19.9
GHCND:USW00014740,HARTFORD BRADLEY INTERNATIONAL AIRPORT CT US,20160311,0.03,-9999,0,56,60,38,10.5,320,25.9
GHCND:USW00014740,HARTFORD BRADLEY INTERNATIONAL AIRPORT CT US,20160312,0,-9999,0,45,63,30,8.9,170,21
GHCND:USW00014740,HARTFORD BRADLEY INTERNATIONAL AIRPORT CT US,20160313,0,-9999,0,54,64,47,7.6,30,21
GHCND:USW00014740,HARTFORD BRADLEY INTERNATIONAL AIRPORT CT US,20160314,0.45,-9999,0,45,50,38,8.3,10,16.1
GHCND:USW00014740,HARTFORD BRADLEY INTERNATIONAL AIRPORT CT US,20160315,0.25,-9999,0,43,50,39,12.3,360,18.1
GHCND:USW00014740,HARTFORD BRADLEY INTERNATIONAL AIRPORT CT US,20160316,0.08,-9999,0,50,62,40,7.6,320,19.9
GHCND:USW00014740,HARTFORD BRADLEY INTERNATIONAL AIRPORT CT US,20160317,0.02,-9999,0,49,65,37,6.5,320,36
GHCND:USW00014740,HARTFORD BRADLEY INTERNATIONAL AIRPORT CT US,20160318,0,-9999,0,44,53,32,12.1,290,31.1
GHCND:USW00014740,HARTFORD BRADLEY INTERNATIONAL AIRPORT CT US,20160319,0,-9999,0,37,46,25,8.1,340,17
GHCND:USW00014740,HARTFORD BRADLEY INTERNATIONAL AIRPORT CT US,20160320,0.01,-9999,0.1,33,43,22,6.5,100,14.1
GHCND:USW00014740,HARTFORD BRADLEY INTERNATIONAL AIRPORT CT US,20160321,0.12,3.1,2.6,36,49,29,11,290,31.1
GHCND:USW00014740,HARTFORD BRADLEY INTERNATIONAL AIRPORT CT US,20160322,0,-9999,0,40,53,29,11.9,260,21.9
GHCND:USW00014740,HARTFORD BRADLEY INTERNATIONAL AIRPORT CT US,20160323,0,-9999,0,52,68,44,9.8,30,16.1
GHCND:USW00014740,HARTFORD BRADLEY INTERNATIONAL AIRPORT CT US,20160324,0,-9999,0,47,56,37,9.2,100,17
GHCND:USW00014740,HARTFORD BRADLEY INTERNATIONAL AIRPORT CT US,20160325,0.04,-9999,0,42,56,36,7.8,310,19.9
GHCND:USW00014740,HARTFORD BRADLEY INTERNATIONAL AIRPORT CT US,20160326,0,-9999,0,42,52,35,7.8,30,17
GHCND:USW00014740,HARTFORD BRADLEY INTERNATIONAL AIRPORT CT US,20160327,0,-9999,0,42,55,32,6.5,200,15
GHCND:USW00014740,HARTFORD BRADLEY INTERNATIONAL AIRPORT CT US,20160328,0.63,-9999,0,41,49,38,7.8,290,38.9
GHCND:USW00014740,HARTFORD BRADLEY INTERNATIONAL AIRPORT CT US,20160329,0,-9999,0,45,49,32,19.5,300,36.9
GHCND:USW00014740,HARTFORD BRADLEY INTERNATIONAL AIRPORT CT US,20160330,0,-9999,0,43,59,29,9.2,190,23
GHCND:USW00014740,HARTFORD BRADLEY INTERNATIONAL AIRPORT CT US,20160331,0.01,-9999,0,54,72,44,15.4,200,30
GHCND:USW00014740,HARTFORD BRADLEY INTERNATIONAL AIRPORT CT US,20160401,0.05,-9999,0,62,72,52,13.9,180,25.1
GHCND:USW00014740,HARTFORD BRADLEY INTERNATIONAL AIRPORT CT US,20160402,0.14,-9999,0,50,52,37,6,320,25.1
GHCND:USW00014740,HARTFORD BRADLEY INTERNATIONAL AIRPORT CT US,20160403,0.37,2,2.9,35,40,26,16.1,280,36
GHCND:USW00014740,HARTFORD BRADLEY INTERNATIONAL AIRPORT CT US,20160404,0.33,3.9,4,26,27,24,9.2,20,17
GHCND:USW00014740,HARTFORD BRADLEY INTERNATIONAL AIRPORT CT US,20160405,0,1.2,0,27,37,20,11.2,20,21
GHCND:USW00014740,HARTFORD BRADLEY INTERNATIONAL AIRPORT CT US,20160406,0,1.2,0,32,44,20,9.4,180,23.9
GHCND:USW00014740,HARTFORD BRADLEY INTERNATIONAL AIRPORT CT US,20160407,0.41,-9999,0,49,58,39,13.4,150,32
GHCND:USW00014740,HARTFORD BRADLEY INTERNATIONAL AIRPORT CT US,20160408,0,-9999,0,47,51,33,12.1,240,25.1
GHCND:USW00014740,HARTFORD BRADLEY INTERNATIONAL AIRPORT CT US,20160409,0,-9999,0,39,49,28,7.8,360,21.9
GHCND:USW00014740,HARTFORD BRADLEY INTERNATIONAL AIRPORT CT US,20160410,0,-9999,0,39,50,28,9.6,330,21.9
GHCND:USW00014740,HARTFORD BRADLEY INTERNATIONAL AIRPORT CT US,20160411,0.04,-9999,0,47,60,42,13.4,190,25.1
GHCND:USW00014740,HARTFORD BRADLEY INTERNATIONAL AIRPORT CT US,20160412,0.26,-9999,0,51,55,32,10.5,310,23.9
GHCND:USW00014740,HARTFORD BRADLEY INTERNATIONAL AIRPORT CT US,20160413,0,-9999,0,44,56,31,5.1,40,16.1
GHCND:USW00014740,HARTFORD BRADLEY INTERNATIONAL AIRPORT CT US,20160414,0,-9999,0,48,60,36,7.8,170,18.1
GHCND:USW00014740,HARTFORD BRADLEY INTERNATIONAL AIRPORT CT US,20160415,0,-9999,0,47,64,31,6.7,30,17
GHCND:USW00014740,HARTFORD BRADLEY INTERNATIONAL AIRPORT CT US,20160416,0,-9999,0,51,65,33,9.6,50,21
GHCND:USW00014740,HARTFORD BRADLEY INTERNATIONAL AIRPORT CT US,20160417,0,-9999,0,52,74,32,4.9,190,13
GHCND:USW00014740,HARTFORD BRADLEY INTERNATIONAL AIRPORT CT US,20160418,0,-9999,0,60,80,35,5.8,160,21
GHCND:USW00014740,HARTFORD BRADLEY INTERNATIONAL AIRPORT CT US,20160419,0,-9999,0,58,66,47,11.4,330,23.9
GHCND:USW00014740,HARTFORD BRADLEY INTERNATIONAL AIRPORT CT US,20160420,0,-9999,0,53,65,38,9.6,20,23
GHCND:USW00014740,HARTFORD BRADLEY INTERNATIONAL AIRPORT CT US,20160421,0,-9999,0,54,77,33,8.5,180,21.9
GHCND:USW00014740,HARTFORD BRADLEY INTERNATIONAL AIRPORT CT US,20160422,0.54,-9999,0,64,82,52,5.8,190,19.9
GHCND:USW00014740,HARTFORD BRADLEY INTERNATIONAL AIRPORT CT US,20160423,0.03,-9999,0,62,68,45,10.3,320,23.9
GHCND:USW00014740,HARTFORD BRADLEY INTERNATIONAL AIRPORT CT US,20160424,0,-9999,0,51,64,38,6.7,310,18.1
GHCND:USW00014740,HARTFORD BRADLEY INTERNATIONAL AIRPORT CT US,20160425,0,-9999,0,54,67,46,3.8,250,13
GHCND:USW00014740,HARTFORD BRADLEY INTERNATIONAL AIRPORT CT US,20160426,0.27,-9999,0,48,52,40,6.9,20,17
GHCND:USW00014740,HARTFORD BRADLEY INTERNATIONAL AIRPORT CT US,20160427,0,-9999,0,47,64,34,6.7,260,17
GHCND:USW00014740,HARTFORD BRADLEY INTERNATIONAL AIRPORT CT US,20160428,0,-9999,0,51,61,33,8.1,190,19.9
GHCND:USW00014740,HARTFORD BRADLEY INTERNATIONAL AIRPORT CT US,20160429,0,-9999,0,51,59,44,6.9,180,16.1
GHCND:USW00014740,HARTFORD BRADLEY INTERNATIONAL AIRPORT CT US,20160430,0,-9999,0,54,67,43,7.6,190,18.1
GHCND:USW00014740,HARTFORD BRADLEY INTERNATIONAL AIRPORT CT US,20160501,0.1,-9999,0,47,51,41,5.8,180,16.1
GHCND:USW00014740,HARTFORD BRADLEY INTERNATIONAL AIRPORT CT US,20160502,0.66,-9999,0,45,53,41,4.5,260,18.1
GHCND:USW00014740,HARTFORD BRADLEY INTERNATIONAL AIRPORT CT US,20160503,0.39,-9999,0,50,54,48,4.9,20,12.1
GHCND:USW00014740,HARTFORD BRADLEY INTERNATIONAL AIRPORT CT US,20160504,0.03,-9999,0,50,52,45,8.7,50,19.9
GHCND:USW00014740,HARTFORD BRADLEY INTERNATIONAL AIRPORT CT US,20160505,0,-9999,0,48,53,44,13.4,40,23
GHCND:USW00014740,HARTFORD BRADLEY INTERNATIONAL AIRPORT CT US,20160506,0.28,-9999,0,53,63,49,8.5,30,19.9
GHCND:USW00014740,HARTFORD BRADLEY INTERNATIONAL AIRPORT CT US,20160507,0.01,-9999,0,51,55,47,6.7,20,15
GHCND:USW00014740,HARTFORD BRADLEY INTERNATIONAL AIRPORT CT US,20160508,0.09,-9999,0,55,64,45,12.8,300,32
GHCND:USW00014740,HARTFORD BRADLEY INTERNATIONAL AIRPORT CT US,20160509,0,-9999,0,56,69,44,10.7,290,23.9
GHCND:USW00014740,HARTFORD BRADLEY INTERNATIONAL AIRPORT CT US,20160510,0,-9999,0,55,72,38,4.9,290,16.1
GHCND:USW00014740,HARTFORD BRADLEY INTERNATIONAL AIRPORT CT US,20160511,0,-9999,0,61,80,39,3.8,180,14.1
GHCND:USW00014740,HARTFORD BRADLEY INTERNATIONAL AIRPORT CT US,20160512,0,-9999,0,64,82,46,6.5,160,17
GHCND:USW00014740,HARTFORD BRADLEY INTERNATIONAL AIRPORT CT US,20160513,0.12,-9999,0,62,71,50,6.7,190,19.9
GHCND:USW00014740,HARTFORD BRADLEY INTERNATIONAL AIRPORT CT US,20160514,0.09,-9999,0,63,77,52,7.6,180,25.1
GHCND:USW00014740,HARTFORD BRADLEY INTERNATIONAL AIRPORT CT US,20160515,0,-9999,0,53,59,42,15.2,310,25.9
GHCND:USW00014740,HARTFORD BRADLEY INTERNATIONAL AIRPORT CT US,20160516,0,-9999,0,49,64,40,14.8,310,33.1
GHCND:USW00014740,HARTFORD BRADLEY INTERNATIONAL AIRPORT CT US,20160517,0,-9999,0,56,72,38,6.7,290,21
GHCND:USW00014740,HARTFORD BRADLEY INTERNATIONAL AIRPORT CT US,20160518,0,-9999,0,59,72,47,7.2,200,18.1
GHCND:USW00014740,HARTFORD BRADLEY INTERNATIONAL AIRPORT CT US,20160519,0,-9999,0,59,72,48,4.7,10,16.1
GHCND:USW00014740,HARTFORD BRADLEY INTERNATIONAL AIRPORT CT US,20160520,0,-9999,0,60,76,42,4.3,50,13
GHCND:USW00014740,HARTFORD BRADLEY INTERNATIONAL AIRPORT CT US,20160521,0,-9999,0,62,72,46,5.1,170,19.9
GHCND:USW00014740,HARTFORD BRADLEY INTERNATIONAL AIRPORT CT US,20160522,0,-9999,0,62,75,53,5.8,20,13
GHCND:USW00014740,HARTFORD BRADLEY INTERNATIONAL AIRPORT CT US,20160523,0,-9999,0,65,83,47,6.3,210,14.1
GHCND:USW00014740,HARTFORD BRADLEY INTERNATIONAL AIRPORT CT US,20160524,0.06,-9999,0,62,67,54,6.7,360,17
GHCND:USW00014740,HARTFORD BRADLEY INTERNATIONAL AIRPORT CT US,20160525,0,-9999,0,68,90,52,6.3,280,21
GHCND:USW00014740,HARTFORD BRADLEY INTERNATIONAL AIRPORT CT US,20160526,0,-9999,0,75,90,59,4.9,200,13
GHCND:USW00014740,HARTFORD BRADLEY INTERNATIONAL AIRPORT CT US,20160527,0,-9999,0,76,89,63,9.2,190,19.9
GHCND:USW00014740,HARTFORD BRADLEY INTERNATIONAL AIRPORT CT US,20160528,0,-9999,0,77,93,64,7.6,140,16.1
GHCND:USW00014740,HARTFORD BRADLEY INTERNATIONAL AIRPORT CT US,20160529,0,-9999,0,78,91,65,7.6,200,18.1
GHCND:USW00014740,HARTFORD BRADLEY INTERNATIONAL AIRPORT CT US,20160530,0.64,-9999,0,71,81,62,6.9,180,17
GHCND:USW00014740,HARTFORD BRADLEY INTERNATIONAL AIRPORT CT US,20160531,0,-9999,0,76,86,65,6.5,290,16.1
GHCND:USW00014740,HARTFORD BRADLEY INTERNATIONAL AIRPORT CT US,20160601,0,-9999,0,72,84,55,5.6,170,17
GHCND:USW00014740,HARTFORD BRADLEY INTERNATIONAL AIRPORT CT US,20160602,0,-9999,0,69,81,55,7.6,170,16.1
GHCND:USW00014740,HARTFORD BRADLEY INTERNATIONAL AIRPORT CT US,20160603,0.01,-9999,0,65,70,60,7.2,180,12.1
GHCND:USW00014740,HARTFORD BRADLEY INTERNATIONAL AIRPORT CT US,20160604,0,-9999,0,72,84,61,5.4,200,13
GHCND:USW00014740,HARTFORD BRADLEY INTERNATIONAL AIRPORT CT US,20160605,1.15,-9999,0,68,70,63,8.1,280,21.9
GHCND:USW00014740,HARTFORD BRADLEY INTERNATIONAL AIRPORT CT US,20160606,0,-9999,0,71,84,63,8.5,250,18.1
GHCND:USW00014740,HARTFORD BRADLEY INTERNATIONAL AIRPORT CT US,20160607,0.03,-9999,0,74,85,60,8.9,330,21.9
GHCND:USW00014740,HARTFORD BRADLEY INTERNATIONAL AIRPORT CT US,20160608,0.02,-9999,0,63,70,54,12.3,320,25.9
GHCND:USW00014740,HARTFORD BRADLEY INTERNATIONAL AIRPORT CT US,20160609,0,-9999,0,60,70,54,15.2,310,30
GHCND:USW00014740,HARTFORD BRADLEY INTERNATIONAL AIRPORT CT US,20160610,0,-9999,0,63,76,50,8.7,320,21
GHCND:USW00014740,HARTFORD BRADLEY INTERNATIONAL AIRPORT CT US,20160611,0.46,-9999,0,60,68,49,4.3,150,13
GHCND:USW00014740,HARTFORD BRADLEY INTERNATIONAL AIRPORT CT US,20160612,0,-9999,0,67,78,56,13.9,310,31.1
GHCND:USW00014740,HARTFORD BRADLEY INTERNATIONAL AIRPORT CT US,20160613,0,-9999,0,62,72,53,12.5,310,25.1
GHCND:USW00014740,HARTFORD BRADLEY INTERNATIONAL AIRPORT CT US,20160614,0,-9999,0,64,80,49,9.2,10,19.9
GHCND:USW00014740,HARTFORD BRADLEY INTERNATIONAL AIRPORT CT US,20160615,0,-9999,0,71,85,57,5.1,300,17
GHCND:USW00014740,HARTFORD BRADLEY INTERNATIONAL AIRPORT CT US,20160616,0,-9999,0,72,85,61,4.7,170,13
GHCND:USW00014740,HARTFORD BRADLEY INTERNATIONAL AIRPORT CT US,20160617,0,-9999,0,72,83,60,7.4,190,17
GHCND:USW00014740,HARTFORD BRADLEY INTERNATIONAL AIRPORT CT US,20160618,0,-9999,0,70,87,52,6,160,19.9
GHCND:USW00014740,HARTFORD BRADLEY INTERNATIONAL AIRPORT CT US,20160619,0,-9999,0,70,85,53,8.3,160,21
GHCND:USW00014740,HARTFORD BRADLEY INTERNATIONAL AIRPORT CT US,20160620,0,-9999,0,72,87,59,9.8,180,19.9
GHCND:USW00014740,HARTFORD BRADLEY INTERNATIONAL AIRPORT CT US,20160621,0.04,-9999,0,75,87,59,8.9,270,21
GHCND:USW00014740,HARTFORD BRADLEY INTERNATIONAL AIRPORT CT US,20160622,0,-9999,0,69,84,53,6.9,320,23.9
GHCND:USW00014740,HARTFORD BRADLEY INTERNATIONAL AIRPORT CT US,20160623,0,-9999,0,68,82,51,2.5,220,10.1
GHCND:USW00014740,HARTFORD BRADLEY INTERNATIONAL AIRPORT CT US,20160624,0,-9999,0,71,86,55,6.3,160,17
GHCND:USW00014740,HARTFORD BRADLEY INTERNATIONAL AIRPORT CT US,20160625,0,-9999,0,71,88,53,4.7,200,15
GHCND:USW00014740,HARTFORD BRADLEY INTERNATIONAL AIRPORT CT US,20160626,0,-9999,0,73,89,55,7.2,180,18.1
GHCND:USW00014740,HARTFORD BRADLEY INTERNATIONAL AIRPORT CT US,20160627,0,-9999,0,73,86,62,11,160,23.9
GHCND:USW00014740,HARTFORD BRADLEY INTERNATIONAL AIRPORT CT US,20160628,0.28,-9999,0,72,81,68,9.6,160,17
GHCND:USW00014740,HARTFORD BRADLEY INTERNATIONAL AIRPORT CT US,20160629,0.02,-9999,0,75,87,68,5.8,300,14.1
GHCND:USW00014740,HARTFORD BRADLEY INTERNATIONAL AIRPORT CT US,20160630,0,-9999,0,75,88,60,4.7,290,14.1
GHCND:USW00014740,HARTFORD BRADLEY INTERNATIONAL AIRPORT CT US,20160701,0.34,-9999,0,74,85,62,8.5,180,21
GHCND:USW00014740,HARTFORD BRADLEY INTERNATIONAL AIRPORT CT US,20160702,0,-9999,0,71,79,59,10.5,290,21.9
GHCND:USW00014740,HARTFORD BRADLEY INTERNATIONAL AIRPORT CT US,20160703,0,-9999,0,70,84,55,7.6,310,17
GHCND:USW00014740,HARTFORD BRADLEY INTERNATIONAL AIRPORT CT US,20160704,0,-9999,0,74,88,58,6.7,210,18.1
GHCND:USW00014740,HARTFORD BRADLEY INTERNATIONAL AIRPORT CT US,20160705,0.25,-9999,0,75,88,67,4.3,300,15
GHCND:USW00014740,HARTFORD BRADLEY INTERNATIONAL AIRPORT CT US,20160706,0,-9999,0,80,95,66,6.5,240,16.1
GHCND:USW00014740,HARTFORD BRADLEY INTERNATIONAL AIRPORT CT US,20160707,0.24,-9999,0,79,91,68,4.3,210,32
GHCND:USW00014740,HARTFORD BRADLEY INTERNATIONAL AIRPORT CT US,20160708,0,-9999,0,75,84,64,7.8,30,16.1
GHCND:USW00014740,HARTFORD BRADLEY INTERNATIONAL AIRPORT CT US,20160709,0.11,-9999,0,66,69,62,5.4,150,14.1
GHCND:USW00014740,HARTFORD BRADLEY INTERNATIONAL AIRPORT CT US,20160710,0.03,-9999,0,67,81,61,5.1,340,21
GHCND:USW00014740,HARTFORD BRADLEY INTERNATIONAL AIRPORT CT US,20160711,0,-9999,0,69,80,60,5.1,10,15
GHCND:USW00014740,HARTFORD BRADLEY INTERNATIONAL AIRPORT CT US,20160712,0,-9999,0,72,87,56,6.3,200,17
GHCND:USW00014740,HARTFORD BRADLEY INTERNATIONAL AIRPORT CT US,20160713,0,-9999,0,78,91,67,10.5,190,21
GHCND:USW00014740,HARTFORD BRADLEY INTERNATIONAL AIRPORT CT US,20160714,0.19,-9999,0,77,88,71,9.6,180,21
GHCND:USW00014740,HARTFORD BRADLEY INTERNATIONAL AIRPORT CT US,20160715,0,-9999,0,80,94,68,4.9,240,16.1
GHCND:USW00014740,HARTFORD BRADLEY INTERNATIONAL AIRPORT CT US,20160716,0,-9999,0,80,93,65,4.7,290,15
GHCND:USW00014740,HARTFORD BRADLEY INTERNATIONAL AIRPORT CT US,20160717,0,-9999,0,80,92,69,4.7,270,15
GHCND:USW00014740,HARTFORD BRADLEY INTERNATIONAL AIRPORT CT US,20160718,0.01,-9999,0,80,96,67,8.3,230,21
GHCND:USW00014740,HARTFORD BRADLEY INTERNATIONAL AIRPORT CT US,20160719,0,-9999,0,76,84,61,9.2,300,21.9
GHCND:USW00014740,HARTFORD BRADLEY INTERNATIONAL AIRPORT CT US,20160720,0,-9999,0,71,85,54,5.1,320,15
GHCND:USW00014740,HARTFORD BRADLEY INTERNATIONAL AIRPORT CT US,20160721,0,-9999,0,75,93,56,7.2,240,17
GHCND:USW00014740,HARTFORD BRADLEY INTERNATIONAL AIRPORT CT US,20160722,0.09,-9999,0,83,99,72,10.3,270,23
GHCND:USW00014740,HARTFORD BRADLEY INTERNATIONAL AIRPORT CT US,20160723,0,-9999,0,83,96,68,10.3,340,21.9
GHCND:USW00014740,HARTFORD BRADLEY INTERNATIONAL AIRPORT CT US,20160724,0,-9999,0,79,93,62,5.8,320,16.1
GHCND:USW00014740,HARTFORD BRADLEY INTERNATIONAL AIRPORT CT US,20160725,0,-9999,0,80,96,64,7.2,200,18.1
GHCND:USW00014740,HARTFORD BRADLEY INTERNATIONAL AIRPORT CT US,20160726,0,-9999,0,80,93,67,8.7,300,19.9
GHCND:USW00014740,HARTFORD BRADLEY INTERNATIONAL AIRPORT CT US,20160727,0,-9999,0,81,95,65,5.1,310,14.1
GHCND:USW00014740,HARTFORD BRADLEY INTERNATIONAL AIRPORT CT US,20160728,0,-9999,0,81,96,64,4.9,180,14.1
GHCND:USW00014740,HARTFORD BRADLEY INTERNATIONAL AIRPORT CT US,20160729,0.16,-9999,0,80,90,70,4.9,20,17
GHCND:USW00014740,HARTFORD BRADLEY INTERNATIONAL AIRPORT CT US,20160730,0.15,-9999,0,76,91,66,6.3,180,18.1
GHCND:USW00014740,HARTFORD BRADLEY INTERNATIONAL AIRPORT CT US,20160731,0.63,-9999,0,72,80,66,6.7,350,12.1
GHCND:USW00014740,HARTFORD BRADLEY INTERNATIONAL AIRPORT CT US,20160801,0,-9999,0,72,82,67,5.1,20,10.1
GHCND:USW00014740,HARTFORD BRADLEY INTERNATIONAL AIRPORT CT US,20160802,0.41,-9999,0,69,78,60,4.9,360,18.1
GHCND:USW00014740,HARTFORD BRADLEY INTERNATIONAL AIRPORT CT US,20160803,0,-9999,0,69,83,58,4,170,13
GHCND:USW00014740,HARTFORD BRADLEY INTERNATIONAL AIRPORT CT US,20160804,0,-9999,0,71,86,55,4.5,200,13
GHCND:USW00014740,HARTFORD BRADLEY INTERNATIONAL AIRPORT CT US,20160805,0,-9999,0,75,89,62,9.2,190,17
GHCND:USW00014740,HARTFORD BRADLEY INTERNATIONAL AIRPORT CT US,20160806,0,-9999,0,78,92,70,8.5,270,19.9
GHCND:USW00014740,HARTFORD BRADLEY INTERNATIONAL AIRPORT CT US,20160807,0,-9999,0,78,89,64,6.5,300,18.1
GHCND:USW00014740,HARTFORD BRADLEY INTERNATIONAL AIRPORT CT US,20160808,0,-9999,0,75,89,60,4.7,290,16.1
GHCND:USW00014740,HARTFORD BRADLEY INTERNATIONAL AIRPORT CT US,20160809,0,-9999,0,73,90,55,5.6,200,15
GHCND:USW00014740,HARTFORD BRADLEY INTERNATIONAL AIRPORT CT US,20160810,0.94,-9999,0,76,85,72,8.3,190,21
GHCND:USW00014740,HARTFORD BRADLEY INTERNATIONAL AIRPORT CT US,20160811,0.39,-9999,0,80,92,73,6,330,16.1
GHCND:USW00014740,HARTFORD BRADLEY INTERNATIONAL AIRPORT CT US,20160812,0.3,-9999,0,82,97,73,8.5,280,29.1
GHCND:USW00014740,HARTFORD BRADLEY INTERNATIONAL AIRPORT CT US,20160813,0.42,-9999,0,83,99,73,7.2,300,40
GHCND:USW00014740,HARTFORD BRADLEY INTERNATIONAL AIRPORT CT US,20160814,0.02,-9999,0,83,96,73,8.5,300,16.1
GHCND:USW00014740,HARTFORD BRADLEY INTERNATIONAL AIRPORT CT US,20160815,0,-9999,0,80,89,70,6.7,310,16.1
GHCND:USW00014740,HARTFORD BRADLEY INTERNATIONAL AIRPORT CT US,20160816,0.58,-9999,0,76,86,69,6.7,220,21
GHCND:USW00014740,HARTFORD BRADLEY INTERNATIONAL AIRPORT CT US,20160817,0,-9999,0,80,84,68,10.1,310,21
GHCND:USW00014740,HARTFORD BRADLEY INTERNATIONAL AIRPORT CT US,20160818,0.02,-9999,0,76,89,67,3.6,240,13
GHCND:USW00014740,HARTFORD BRADLEY INTERNATIONAL AIRPORT CT US,20160819,0,-9999,0,77,88,67,3.4,40,12.1
GHCND:USW00014740,HARTFORD BRADLEY INTERNATIONAL AIRPORT CT US,20160820,0,-9999,0,74,87,61,6,180,19.9
GHCND:USW00014740,HARTFORD BRADLEY INTERNATIONAL AIRPORT CT US,20160821,1.11,-9999,0,76,87,69,11.2,320,23
GHCND:USW00014740,HARTFORD BRADLEY INTERNATIONAL AIRPORT CT US,20160822,0,-9999,0,72,77,57,10.5,300,23
GHCND:USW00014740,HARTFORD BRADLEY INTERNATIONAL AIRPORT CT US,20160823,0,-9999,0,66,81,52,4,250,14.1
GHCND:USW00014740,HARTFORD BRADLEY INTERNATIONAL AIRPORT CT US,20160824,0,-9999,0,72,86,56,5.1,200,12.1
GHCND:USW00014740,HARTFORD BRADLEY INTERNATIONAL AIRPORT CT US,20160825,0,-9999,0,75,86,65,10.3,180,19.9
GHCND:USW00014740,HARTFORD BRADLEY INTERNATIONAL AIRPORT CT US,20160826,0,-9999,0,79,92,68,8.3,330,17
GHCND:USW00014740,HARTFORD BRADLEY INTERNATIONAL AIRPORT CT US,20160827,0,-9999,0,77,88,65,4.9,190,10.1
GHCND:USW00014740,HARTFORD BRADLEY INTERNATIONAL AIRPORT CT US,20160828,0,-9999,0,76,88,63,7.6,180,15
GHCND:USW00014740,HARTFORD BRADLEY INTERNATIONAL AIRPORT CT US,20160829,0,-9999,0,78,89,63,8.9,340,21
GHCND:USW00014740,HARTFORD BRADLEY INTERNATIONAL AIRPORT CT US,20160830,0,-9999,0,71,85,56,5.1,280,15
GHCND:USW00014740,HARTFORD BRADLEY INTERNATIONAL AIRPORT CT US,20160831,0,-9999,0,72,80,63,5.8,210,12.1
GHCND:USW00014740,HARTFORD BRADLEY INTERNATIONAL AIRPORT CT US,20160901,0.35,-9999,0,73,80,63,2.9,80,14.1
GHCND:USW00014740,HARTFORD BRADLEY INTERNATIONAL AIRPORT CT US,20160902,0,-9999,0,69,81,57,6.5,30,18.1
GHCND:USW00014740,HARTFORD BRADLEY INTERNATIONAL AIRPORT CT US,20160903,0,-9999,0,66,76,56,5.4,50,12.1
GHCND:USW00014740,HARTFORD BRADLEY INTERNATIONAL AIRPORT CT US,20160904,0,-9999,0,66,80,53,8.1,40,17
GHCND:USW00014740,HARTFORD BRADLEY INTERNATIONAL AIRPORT CT US,20160905,0,-9999,0,65,81,53,13.6,30,28
GHCND:USW00014740,HARTFORD BRADLEY INTERNATIONAL AIRPORT CT US,20160906,0,-9999,0,71,75,65,13.9,20,23
GHCND:USW00014740,HARTFORD BRADLEY INTERNATIONAL AIRPORT CT US,20160907,0.02,-9999,0,74,83,69,9.2,20,16.1
GHCND:USW00014740,HARTFORD BRADLEY INTERNATIONAL AIRPORT CT US,20160908,0.15,-9999,0,76,88,68,6,170,13
GHCND:USW00014740,HARTFORD BRADLEY INTERNATIONAL AIRPORT CT US,20160909,0,-9999,0,80,92,72,6.3,250,16.1
GHCND:USW00014740,HARTFORD BRADLEY INTERNATIONAL AIRPORT CT US,20160910,0,-9999,0,77,90,69,7.2,160,17
GHCND:USW00014740,HARTFORD BRADLEY INTERNATIONAL AIRPORT CT US,20160911,0.46,-9999,0,76,81,58,11.2,310,31.1
GHCND:USW00014740,HARTFORD BRADLEY INTERNATIONAL AIRPORT CT US,20160912,0,-9999,0,65,79,49,3.1,230,13
GHCND:USW00014740,HARTFORD BRADLEY INTERNATIONAL AIRPORT CT US,20160913,0,-9999,0,67,83,51,6.9,240,16.1
GHCND:USW00014740,HARTFORD BRADLEY INTERNATIONAL AIRPORT CT US,20160914,0,-9999,0,73,90,58,9.4,350,21.9
GHCND:USW00014740,HARTFORD BRADLEY INTERNATIONAL AIRPORT CT US,20160915,0,-9999,0,63,73,51,4.9,360,15
GHCND:USW00014740,HARTFORD BRADLEY INTERNATIONAL AIRPORT CT US,20160916,0,-9999,0,60,76,48,4.9,180,15
GHCND:USW00014740,HARTFORD BRADLEY INTERNATIONAL AIRPORT CT US,20160917,0,-9999,0,63,78,47,8.1,190,19.9
GHCND:USW00014740,HARTFORD BRADLEY INTERNATIONAL AIRPORT CT US,20160918,0.08,-9999,0,72,80,66,7.6,200,15
GHCND:USW00014740,HARTFORD BRADLEY INTERNATIONAL AIRPORT CT US,20160919,0.26,-9999,0,72,76,66,4.5,160,15
GHCND:USW00014740,HARTFORD BRADLEY INTERNATIONAL AIRPORT CT US,20160920,0,-9999,0,71,81,63,2.9,160,8.1
GHCND:USW00014740,HARTFORD BRADLEY INTERNATIONAL AIRPORT CT US,20160921,0,-9999,0,70,82,58,3.4,20,12.1
GHCND:USW00014740,HARTFORD BRADLEY INTERNATIONAL AIRPORT CT US,20160922,0,-9999,0,68,85,52,4.5,170,12.1
GHCND:USW00014740,HARTFORD BRADLEY INTERNATIONAL AIRPORT CT US,20160923,0.41,-9999,0,67,82,53,5.6,10,23
GHCND:USW00014740,HARTFORD BRADLEY INTERNATIONAL AIRPORT CT US,20160924,0.01,-9999,0,60,69,47,6.5,50,21.9
GHCND:USW00014740,HARTFORD BRADLEY INTERNATIONAL AIRPORT CT US,20160925,0,-9999,0,54,68,41,6.3,310,18.1
GHCND:USW00014740,HARTFORD BRADLEY INTERNATIONAL AIRPORT CT US,20160926,0,-9999,0,52,70,37,6.7,210,17
GHCND:USW00014740,HARTFORD BRADLEY INTERNATIONAL AIRPORT CT US,20160927,0.48,-9999,0,65,75,55,2.7,150,8.1
GHCND:USW00014740,HARTFORD BRADLEY INTERNATIONAL AIRPORT CT US,20160928,0,-9999,0,59,64,53,9.4,50,17
GHCND:USW00014740,HARTFORD BRADLEY INTERNATIONAL AIRPORT CT US,20160929,0,-9999,0,59,65,52,11.4,40,23
GHCND:USW00014740,HARTFORD BRADLEY INTERNATIONAL AIRPORT CT US,20160930,0.2,-9999,0,56,62,50,13,30,21
GHCND:USW00014740,HARTFORD BRADLEY INTERNATIONAL AIRPORT CT US,20161001,0.06,-9999,0,52,56,49,10.5,30,15
GHCND:USW00014740,HARTFORD BRADLEY INTERNATIONAL AIRPORT CT US,20161002,0,-9999,0,55,59,52,4.9,360,8.9
GHCND:USW00014740,HARTFORD BRADLEY INTERNATIONAL AIRPORT CT US,20161003,0,-9999,0,63,73,57,3.6,70,10.1
GHCND:USW00014740,HARTFORD BRADLEY INTERNATIONAL AIRPORT CT US,20161004,0,-9999,0,61,66,47,7.4,20,16.1
GHCND:USW00014740,HARTFORD BRADLEY INTERNATIONAL AIRPORT CT US,20161005,0,-9999,0,54,70,42,4,20,12.1
GHCND:USW00014740,HARTFORD BRADLEY INTERNATIONAL AIRPORT CT US,20161006,0,-9999,0,55,74,42,2.2,160,6.9
GHCND:USW00014740,HARTFORD BRADLEY INTERNATIONAL AIRPORT CT US,20161007,0,-9999,0,58,76,44,3.8,170,10.1
GHCND:USW00014740,HARTFORD BRADLEY INTERNATIONAL AIRPORT CT US,20161008,0,-9999,0,55,68,42,2,160,8.1
GHCND:USW00014740,HARTFORD BRADLEY INTERNATIONAL AIRPORT CT US,20161009,0.39,-9999,0,58,64,46,10.5,30,21.9
GHCND:USW00014740,HARTFORD BRADLEY INTERNATIONAL AIRPORT CT US,20161010,0,-9999,0,51,60,37,9.6,320,21
GHCND:USW00014740,HARTFORD BRADLEY INTERNATIONAL AIRPORT CT US,20161011,0,-9999,0,47,64,33,2,210,8.1
GHCND:USW00014740,HARTFORD BRADLEY INTERNATIONAL AIRPORT CT US,20161012,0,-9999,0,51,68,37,4.7,170,14.1
GHCND:USW00014740,HARTFORD BRADLEY INTERNATIONAL AIRPORT CT US,20161013,0,-9999,0,58,70,47,7.6,310,18.1
GHCND:USW00014740,HARTFORD BRADLEY INTERNATIONAL AIRPORT CT US,20161014,0,-9999,0,51,61,37,6.3,20,16.1
GHCND:USW00014740,HARTFORD BRADLEY INTERNATIONAL AIRPORT CT US,20161015,0,-9999,0,45,63,32,4,150,10.1
GHCND:USW00014740,HARTFORD BRADLEY INTERNATIONAL AIRPORT CT US,20161016,0,-9999,0,54,73,41,9.2,230,17
GHCND:USW00014740,HARTFORD BRADLEY INTERNATIONAL AIRPORT CT US,20161017,0,-9999,0,66,80,55,3.6,210,13
GHCND:USW00014740,HARTFORD BRADLEY INTERNATIONAL AIRPORT CT US,20161018,0,-9999,0,67,84,55,8.5,180,23
GHCND:USW00014740,HARTFORD BRADLEY INTERNATIONAL AIRPORT CT US,20161019,0,-9999,0,71,80,51,7.2,330,18.1
GHCND:USW00014740,HARTFORD BRADLEY INTERNATIONAL AIRPORT CT US,20161020,0,-9999,0,60,74,48,6.9,130,16.1
GHCND:USW00014740,HARTFORD BRADLEY INTERNATIONAL AIRPORT CT US,20161021,0.1,-9999,0,64,79,57,5.4,160,21
GHCND:USW00014740,HARTFORD BRADLEY INTERNATIONAL AIRPORT CT US,20161022,0.29,-9999,0,55,65,41,11.2,290,21.9
GHCND:USW00014740,HARTFORD BRADLEY INTERNATIONAL AIRPORT CT US,20161023,0.01,-9999,0,49,62,42,12.8,300,30
GHCND:USW00014740,HARTFORD BRADLEY INTERNATIONAL AIRPORT CT US,20161024,0.01,-9999,0,52,61,41,10.1,300,25.9
GHCND:USW00014740,HARTFORD BRADLEY INTERNATIONAL AIRPORT CT US,20161025,0,-9999,0,44,52,36,11.2,320,28
GHCND:USW00014740,HARTFORD BRADLEY INTERNATIONAL AIRPORT CT US,20161026,0,-9999,0,40,50,31,8.9,10,19.9
GHCND:USW00014740,HARTFORD BRADLEY INTERNATIONAL AIRPORT CT US,20161027,0.94,1.2,1.5,33,37,29,5.1,340,15
GHCND:USW00014740,HARTFORD BRADLEY INTERNATIONAL AIRPORT CT US,20161028,0.06,1.2,0,42,50,37,12.3,310,28
GHCND:USW00014740,HARTFORD BRADLEY INTERNATIONAL AIRPORT CT US,20161029,0.01,-9999,0,45,59,35,7.6,210,19.9
GHCND:USW00014740,HARTFORD BRADLEY INTERNATIONAL AIRPORT CT US,20161030,0.3,-9999,0,56,68,45,5.6,340,15
GHCND:USW00014740,HARTFORD BRADLEY INTERNATIONAL AIRPORT CT US,20161031,0,-9999,0,48,54,30,8.5,350,18.1
GHCND:USW00014740,HARTFORD BRADLEY INTERNATIONAL AIRPORT CT US,20161101,0,-9999,0,40,57,28,4.7,190,15
GHCND:USW00014740,HARTFORD BRADLEY INTERNATIONAL AIRPORT CT US,20161102,0,-9999,0,55,71,47,6,230,10.1
GHCND:USW00014740,HARTFORD BRADLEY INTERNATIONAL AIRPORT CT US,20161103,0,-9999,0,58,72,49,6.5,290,30
GHCND:USW00014740,HARTFORD BRADLEY INTERNATIONAL AIRPORT CT US,20161104,0,-9999,0,53,59,40,8.9,310,18.1
GHCND:USW00014740,HARTFORD BRADLEY INTERNATIONAL AIRPORT CT US,20161105,0,-9999,0,44,59,32,5.4,300,15
GHCND:USW00014740,HARTFORD BRADLEY INTERNATIONAL AIRPORT CT US,20161106,0,-9999,0,47,52,37,10.3,10,25.1
GHCND:USW00014740,HARTFORD BRADLEY INTERNATIONAL AIRPORT CT US,20161107,0,-9999,0,41,52,29,5.8,40,15
GHCND:USW00014740,HARTFORD BRADLEY INTERNATIONAL AIRPORT CT US,20161108,0,-9999,0,40,65,26,0.2,290,6
GHCND:USW00014740,HARTFORD BRADLEY INTERNATIONAL AIRPORT CT US,20161109,0.01,-9999,0,42,51,32,3.6,10,16.1
GHCND:USW00014740,HARTFORD BRADLEY INTERNATIONAL AIRPORT CT US,20161110,0,-9999,0,46,56,33,7.4,180,14.1
GHCND:USW00014740,HARTFORD BRADLEY INTERNATIONAL AIRPORT CT US,20161111,0,-9999,0,48,61,37,14.3,300,36.9
GHCND:USW00014740,HARTFORD BRADLEY INTERNATIONAL AIRPORT CT US,20161112,0,-9999,0,39,49,27,6.3,260,15
GHCND:USW00014740,HARTFORD BRADLEY INTERNATIONAL AIRPORT CT US,20161113,0,-9999,0,45,63,33,6.7,260,14.1
GHCND:USW00014740,HARTFORD BRADLEY INTERNATIONAL AIRPORT CT US,20161114,0,-9999,0,46,65,28,3.6,190,13
GHCND:USW00014740,HARTFORD BRADLEY INTERNATIONAL AIRPORT CT US,20161115,0.7,-9999,0,46,49,42,9.2,10,19.9
GHCND:USW00014740,HARTFORD BRADLEY INTERNATIONAL AIRPORT CT US,20161116,0.01,-9999,0,51,59,42,7.6,310,17
GHCND:USW00014740,HARTFORD BRADLEY INTERNATIONAL AIRPORT CT US,20161117,0,-9999,0,47,59,32,6.9,330,19.9
GHCND:USW00014740,HARTFORD BRADLEY INTERNATIONAL AIRPORT CT US,20161118,0,-9999,0,47,64,36,4,30,10.1
GHCND:USW00014740,HARTFORD BRADLEY INTERNATIONAL AIRPORT CT US,20161119,0,-9999,0,45,64,32,4,160,14.1
GHCND:USW00014740,HARTFORD BRADLEY INTERNATIONAL AIRPORT CT US,20161120,0.5,-9999,0,43,48,32,15,300,32
GHCND:USW00014740,HARTFORD BRADLEY INTERNATIONAL AIRPORT CT US,20161121,0,-9999,0,33,36,31,13.6,280,25.1
GHCND:USW00014740,HARTFORD BRADLEY INTERNATIONAL AIRPORT CT US,20161122,0,-9999,0,33,39,30,15.7,300,28
GHCND:USW00014740,HARTFORD BRADLEY INTERNATIONAL AIRPORT CT US,20161123,0,-9999,0,34,43,28,9.2,310,21.9
GHCND:USW00014740,HARTFORD BRADLEY INTERNATIONAL AIRPORT CT US,20161124,0.16,-9999,0,34,41,30,4.9,360,8.1
GHCND:USW00014740,HARTFORD BRADLEY INTERNATIONAL AIRPORT CT US,20161125,0,-9999,0,39,45,37,2.7,350,8.1
GHCND:USW00014740,HARTFORD BRADLEY INTERNATIONAL AIRPORT CT US,20161126,0,-9999,0,41,47,29,4,340,13
GHCND:USW00014740,HARTFORD BRADLEY INTERNATIONAL AIRPORT CT US,20161127,0,-9999,0,36,46,27,6.3,300,21.9
GHCND:USW00014740,HARTFORD BRADLEY INTERNATIONAL AIRPORT CT US,20161128,0,-9999,0,35,50,21,2.2,260,10.1
GHCND:USW00014740,HARTFORD BRADLEY INTERNATIONAL AIRPORT CT US,20161129,1.11,-9999,0,36,58,30,3.4,170,13
GHCND:USW00014740,HARTFORD BRADLEY INTERNATIONAL AIRPORT CT US,20161130,0.57,-9999,0,47,50,38,4.5,40,13
GHCND:USW00014740,HARTFORD BRADLEY INTERNATIONAL AIRPORT CT US,20161201,0.3,0,0,48,57,36,8.9,290,30
GHCND:USW00014740,HARTFORD BRADLEY INTERNATIONAL AIRPORT CT US,20161202,0,0,0,41,51,31,9.2,290,21
GHCND:USW00014740,HARTFORD BRADLEY INTERNATIONAL AIRPORT CT US,20161203,0,0,0,41,46,33,13.9,320,25.1
GHCND:USW00014740,HARTFORD BRADLEY INTERNATIONAL AIRPORT CT US,20161204,0,0,0,36,42,28,6.7,330,16.1
GHCND:USW00014740,HARTFORD BRADLEY INTERNATIONAL AIRPORT CT US,20161205,0.04,0,0.4,32,43,29,3.8,250,10.1
GHCND:USW00014740,HARTFORD BRADLEY INTERNATIONAL AIRPORT CT US,20161206,0.02,0,0,38,46,27,4.9,150,12.1
GHCND:USW00014740,HARTFORD BRADLEY INTERNATIONAL AIRPORT CT US,20161207,0.14,0,0.1,37,41,33,3.8,360,8.1
GHCND:USW00014740,HARTFORD BRADLEY INTERNATIONAL AIRPORT CT US,20161208,0,0,0,34,44,27,5.4,320,18.1
GHCND:USW00014740,HARTFORD BRADLEY INTERNATIONAL AIRPORT CT US,20161209,0,0,0,31,37,22,11.6,310,25.9
GHCND:USW00014740,HARTFORD BRADLEY INTERNATIONAL AIRPORT CT US,20161210,0,0,0,24,33,13,6.7,290,19.9
GHCND:USW00014740,HARTFORD BRADLEY INTERNATIONAL AIRPORT CT US,20161211,0.05,0,0.5,21,33,9,4.3,200,13
GHCND:USW00014740,HARTFORD BRADLEY INTERNATIONAL AIRPORT CT US,20161212,0.5,2,2,33,42,29,6,290,15
GHCND:USW00014740,HARTFORD BRADLEY INTERNATIONAL AIRPORT CT US,20161213,0,1.2,0,35,40,27,6.5,280,16.1
GHCND:USW00014740,HARTFORD BRADLEY INTERNATIONAL AIRPORT CT US,20161214,0,1.2,0,35,40,24,6.9,300,18.1
GHCND:USW00014740,HARTFORD BRADLEY INTERNATIONAL AIRPORT CT US,20161215,0.02,0,0.3,25,31,16,17.7,310,31.1
GHCND:USW00014740,HARTFORD BRADLEY INTERNATIONAL AIRPORT CT US,20161216,0,0,0,15,22,5,8.9,300,32
GHCND:USW00014740,HARTFORD BRADLEY INTERNATIONAL AIRPORT CT US,20161217,0.72,1.2,6.5,22,32,20,2.9,320,8.9
GHCND:USW00014740,HARTFORD BRADLEY INTERNATIONAL AIRPORT CT US,20161218,0.1,5.9,0,37,51,27,11.2,310,32
GHCND:USW00014740,HARTFORD BRADLEY INTERNATIONAL AIRPORT CT US,20161219,0,2,0,24,27,12,8.7,330,21.9
GHCND:USW00014740,HARTFORD BRADLEY INTERNATIONAL AIRPORT CT US,20161220,0,2,0,15,29,3,5.1,210,15
GHCND:USW00014740,HARTFORD BRADLEY INTERNATIONAL AIRPORT CT US,20161221,0,2,0,28,39,16,4.3,220,15
GHCND:USW00014740,HARTFORD BRADLEY INTERNATIONAL AIRPORT CT US,20161222,0,2,0,31,41,26,5.1,310,17
GHCND:USW00014740,HARTFORD BRADLEY INTERNATIONAL AIRPORT CT US,20161223,0,1.2,0,38,45,30,7.6,310,21.9
GHCND:USW00014740,HARTFORD BRADLEY INTERNATIONAL AIRPORT CT US,20161224,0.35,1.2,0,37,43,32,8.7,200,21
GHCND:USW00014740,HARTFORD BRADLEY INTERNATIONAL AIRPORT CT US,20161225,0,0,0,41,47,26,10.7,330,19.9
GHCND:USW00014740,HARTFORD BRADLEY INTERNATIONAL AIRPORT CT US,20161226,0.03,0,0,27,42,18,5.1,170,13
GHCND:USW00014740,HARTFORD BRADLEY INTERNATIONAL AIRPORT CT US,20161227,0.02,0,0,47,56,35,11.4,210,21.9
GHCND:USW00014740,HARTFORD BRADLEY INTERNATIONAL AIRPORT CT US,20161228,0,0,0,36,40,28,8.5,320,19.9
GHCND:USW00014740,HARTFORD BRADLEY INTERNATIONAL AIRPORT CT US,20161229,0.4,0,0.4,30,36,24,3.8,300,18.1
GHCND:USW00014740,HARTFORD BRADLEY INTERNATIONAL AIRPORT CT US,20161230,0.01,0,0,34,40,27,12.3,280,25.1
GHCND:USW00014740,HARTFORD BRADLEY INTERNATIONAL AIRPORT CT US,20161231,0.03,-9999,0,30,42,21,8.5,200,23
